# timestamp (sec), C_meas (mS/cm), T_meas (celcius), P_meas (sea pressure, dbar), T_cond (celcius)
0,38.3,10,450,10
0.5,38.3,10,449.8,10
1,38.3,10,449.6,10
1.5,38.3,10,449.4,10
2,38.3,10,449.2,10
2.5,38.3,10,449,10
3,38.3,10,448.8,10
3.5,38.3,10,448.6,10
4,38.3,10,448.4,10
4.5,38.3,10,448.2,10
5,38.3,10,448,10
5.5,38.3,10,447.8,10
6,38.3,10,447.6,10
6.5,38.3,10,447.4,10
7,38.3,10,447.2,10
7.5,38.3,10,447,10
8,38.3,10,446.8,10
8.5,38.3,10,446.6,10
9,38.3,10,446.4,10
9.5,38.3,10,446.2,10
10,38.3,10,446,10
10.5,38.3,10,445.8,10
11,38.3,10,445.6,10
11.5,38.3,10,445.4,10
12,38.3,10,445.2,10
12.5,38.3,10,445,10
13,38.3,10,444.8,10
13.5,38.3,10,444.6,10
14,38.3,10,444.4,10
14.5,38.3,10,444.2,10
15,38.3,10,444,10
15.5,38.3,10,443.8,10
16,38.3,10,443.6,10
16.5,38.3,10,443.4,10
17,38.3,10,443.2,10
17.5,38.3,10,443,10
18,38.3,10,442.8,10
18.5,38.3,10,442.6,10
19,38.3,10,442.4,10
19.5,38.3,10,442.2,10
20,38.3,10,442,10
20.5,38.3,10,441.8,10
21,38.3,10,441.6,10
21.5,38.3,10,441.4,10
22,38.3,10,441.2,10
22.5,38.3,10,441,10
23,38.3,10,440.8,10
23.5,38.3,10,440.6,10
24,38.3,10,440.4,10
24.5,38.3,10,440.2,10
25,38.3,10,440,10
25.5,38.3,10,439.8,10
26,38.3,10,439.6,10
26.5,38.3,10,439.4,10
27,38.3,10,439.2,10
27.5,38.3,10,439,10
28,38.3,10,438.8,10
28.5,38.3,10,438.6,10
29,38.3,10,438.4,10
29.5,38.3,10,438.2,10
30,38.3,10,438,10
30.5,38.3,10,437.8,10
31,38.3,10,437.6,10
31.5,38.3,10,437.4,10
32,38.3,10,437.2,10
32.5,38.3,10,437,10
33,38.3,10,436.8,10
33.5,38.3,10,436.6,10
34,38.3,10,436.4,10
34.5,38.3,10,436.2,10
35,38.3,10,436,10
35.5,38.5,10,435.8,10
36,38.6,10,435.6,10
36.5,38.7,10.1,435.4,10.014
37,38.8,10.2,435.2,10.04004
37.5,38.9,10.3,435,10.0764344
38,39,10.4,434.8,10.12173358
38.5,39.1,10.4,434.6,10.16069088
39,39.14,10.4,434.4,10.19419416
39.5,39.14,10.4,434.2,10.22300698
40,39.14,10.4,434,10.247786
40.5,39.14,10.4,433.8,10.26909596
41,39.14,10.4,433.6,10.28742253
41.5,39.14,10.4,433.4,10.30318337
42,39.14,10.4,433.2,10.3167377
42.5,39.14,10.4,433,10.32839442
43,39.14,10.4,432.8,10.3384192
43.5,39.14,10.4,432.6,10.34704051
44,39.14,10.4,432.4,10.35445484
44.5,39.14,10.4,432.2,10.36083116
45,39.14,10.4,432,10.3663148
45.5,39.14,10.4,431.8,10.37103073
46,39.14,10.4,431.6,10.37508643
46.5,39.14,10.4,431.4,10.37857433
47,39.14,10.4,431.2,10.38157392
47.5,39.14,10.4,431,10.38415357
48,39.14,10.4,430.8,10.38637207
48.5,39.14,10.4,430.6,10.38827998
49,39.14,10.4,430.4,10.38992078
49.5,39.14,10.4,430.2,10.39133187
50,39.14,10.4,430,10.39254541
50.5,39.14,10.4,429.8,10.39358905
51,39.14,10.4,429.6,10.39448659
51.5,39.14,10.4,429.4,10.39525846
52,39.14,10.4,429.2,10.39592228
52.5,39.14,10.4,429,10.39649316
53,39.14,10.4,428.8,10.39698412
53.5,39.14,10.4,428.6,10.39740634
54,39.14,10.4,428.4,10.39776945
54.5,39.14,10.4,428.2,10.39808173
55,39.14,10.4,428,10.39835029
55.5,39.14,10.4,427.8,10.39858125
56,39.14,10.4,427.6,10.39877987
56.5,39.14,10.4,427.4,10.39895069
57,39.14,10.4,427.2,10.39909759
57.5,39.14,10.4,427,10.39922393
58,39.14,10.4,426.8,10.39933258
58.5,39.14,10.4,426.6,10.39942602
59,39.14,10.4,426.4,10.39950638
59.5,39.14,10.4,426.2,10.39957548
60,39.14,10.4,426,10.39963492
60.5,39.14,10.4,425.8,10.39968603
61,39.14,10.4,425.6,10.39972998
61.5,39.14,10.4,425.4,10.39976779
62,39.14,10.4,425.2,10.3998003
62.5,39.14,10.4,425,10.39982825
63,39.14,10.4,424.8,10.3998523
63.5,39.14,10.4,424.6,10.39987298
64,39.14,10.4,424.4,10.39989076
64.5,39.14,10.4,424.2,10.39990605
65,39.14,10.4,424,10.39991921
65.5,39.14,10.4,423.8,10.39993052
66,39.14,10.4,423.6,10.39994025
66.5,39.14,10.4,423.4,10.39994861
67,39.14,10.4,423.2,10.39995581
67.5,39.14,10.4,423,10.39996199
68,39.14,10.4,422.8,10.39996731
68.5,39.14,10.4,422.6,10.39997189
69,39.14,10.4,422.4,10.39997583
69.5,39.14,10.4,422.2,10.39997921
70,39.14,10.4,422,10.39998212
70.5,39.14,10.4,421.8,10.39998462
71,39.14,10.4,421.6,10.39998678
71.5,39.14,10.4,421.4,10.39998863
72,39.14,10.4,421.2,10.39999022
72.5,39.14,10.4,421,10.39999159
73,39.14,10.4,420.8,10.39999277
73.5,39.14,10.4,420.6,10.39999378
74,39.14,10.4,420.4,10.39999465
74.5,39.14,10.4,420.2,10.3999954
75,39.14,10.4,420,10.39999604
75.5,39.14,10.4,419.8,10.3999966
76,39.14,10.4,419.6,10.39999707
76.5,39.14,10.4,419.4,10.39999748
77,39.14,10.4,419.2,10.39999784
77.5,39.14,10.4,419,10.39999814
78,39.14,10.4,418.8,10.3999984
78.5,39.14,10.4,418.6,10.39999862
79,39.14,10.4,418.4,10.39999882
79.5,39.14,10.4,418.2,10.39999898
80,39.14,10.4,418,10.39999912
80.5,39.14,10.4,417.8,10.39999925
81,39.14,10.4,417.6,10.39999935
81.5,39.14,10.4,417.4,10.39999944
82,39.14,10.4,417.2,10.39999952
82.5,39.14,10.4,417,10.39999959
83,39.14,10.4,416.8,10.39999965
83.5,39.14,10.4,416.6,10.3999997
84,39.3,10.5,416.4,10.41399974
84.5,39.4,10.6,416.2,10.44003977
85,39.5,10.7,416,10.47643421
85.5,39.6,10.7,415.8,10.50773342
86,39.7,10.7,415.6,10.53465074
86.5,39.8,10.7,415.4,10.55779964
87,39.9,10.7,415.2,10.57770769
87.5,40,10.7,415,10.59482861
88,40.1,10.7,414.8,10.6095526
88.5,40.2,10.7,414.6,10.62221524
89,40.3,10.7,414.4,10.63310511
89.5,40.4,10.7,414.2,10.64247039
90,40.5,10.7,414,10.65052454
90.5,40.6,10.7,413.8,10.6574511
91,40.8,10.7,413.6,10.66340795
91.5,40.9,10.7,413.4,10.66853083
92,40.9,10.7,413.2,10.67293652
92.5,40.9,10.7,413,10.67672541
93,40.9,10.7,412.8,10.67998385
93.5,40.9,10.7,412.6,10.68278611
94,40.9,10.7,412.4,10.68519605
94.5,40.9,10.7,412.2,10.68726861
95,40.9,10.7,412,10.689051
95.5,40.9,10.7,411.8,10.69058386
96,40.9,10.7,411.6,10.69190212
96.5,40.9,10.7,411.4,10.69303582
97,40.9,10.7,411.2,10.69401081
97.5,40.9,10.7,411,10.6948493
98,40.9,10.7,410.8,10.69557039
98.5,40.9,10.7,410.6,10.69619054
99,40.9,10.7,410.4,10.69672386
99.5,40.9,10.7,410.2,10.69718252
100,40.9,10.7,410,10.69757697
100.5,40.9,10.7,409.8,10.69791619
101,40.9,10.7,409.6,10.69820793
101.5,40.9,10.7,409.4,10.69845882
102,40.9,10.7,409.2,10.69867458
102.5,40.9,10.7,409,10.69886014
103,40.9,10.7,408.8,10.69901972
103.5,40.9,10.7,408.6,10.69915696
104,40.9,10.7,408.4,10.69927499
104.5,40.9,10.7,408.2,10.69937649
105,40.9,10.7,408,10.69946378
105.5,40.9,10.7,407.8,10.69953885
106,40.9,10.7,407.6,10.69960341
106.5,40.9,10.7,407.4,10.69965893
107,40.9,10.7,407.2,10.69970668
107.5,40.9,10.7,407,10.69974775
108,40.9,10.7,406.8,10.69978306
108.5,40.9,10.7,406.6,10.69981343
109,40.9,10.7,406.4,10.69983955
109.5,40.9,10.7,406.2,10.69986202
110,40.9,10.7,406,10.69988133
110.5,40.9,10.7,405.8,10.69989795
111,40.9,10.7,405.6,10.69991223
111.5,40.9,10.7,405.4,10.69992452
112,40.9,10.7,405.2,10.69993509
112.5,40.9,10.7,405,10.69994418
113,40.9,10.7,404.8,10.69995199
113.5,40.9,10.7,404.6,10.69995871
114,40.9,10.7,404.4,10.69996449
114.5,40.9,10.7,404.2,10.69996946
115,40.9,10.7,404,10.69997374
115.5,40.9,10.7,403.8,10.69997742
116,40.9,10.7,403.6,10.69998058
116.5,40.9,10.7,403.4,10.6999833
117,40.9,10.7,403.2,10.69998563
117.5,40.9,10.7,403,10.69998765
118,40.9,10.7,402.8,10.69998938
118.5,40.9,10.7,402.6,10.69999086
119,40.9,10.7,402.4,10.69999214
119.5,40.9,10.7,402.2,10.69999324
120,40.9,10.7,402,10.69999419
120.5,40.9,10.7,401.8,10.699995
121,40.9,10.7,401.6,10.6999957
121.5,40.9,10.7,401.4,10.6999963
122,40.9,10.7,401.2,10.69999682
122.5,40.9,10.7,401,10.69999727
123,40.9,10.7,400.8,10.69999765
123.5,40.9,10.7,400.6,10.69999798
124,40.9,10.7,400.4,10.69999826
124.5,40.9,10.7,400.2,10.6999985
125,40.9,10.7,400,10.69999871
